{"IcoMoonType":"selection","icons":[{"icon":{"paths":["M736.014 576c-8.908 0-17.77 3.698-24.096 10.928l-199.918 228.478-199.918-228.478c-11.636-13.3-31.856-14.65-45.154-3.010-13.3 11.638-14.648 31.854-3.010 45.154l224 256c6.076 6.944 14.854 10.928 24.082 10.928s18.006-3.984 24.082-10.928l224-256c11.638-13.3 10.292-33.516-3.010-45.154-6.070-5.312-13.582-7.918-21.058-7.918z"],"tags":["ctrl","control"],"defaultCode":59984,"grid":16,"attrs":[]},"attrs":[],"properties":{"ligatures":"ctrl, control","name":"ctrl","order":2,"id":337,"prevSize":32,"code":59984},"setIdx":0,"setId":1,"iconIdx":336}],"height":1024,"metadata":{"name":"icomoon"},"preferences":{"showGlyphs":true,"showQuickUse":true,"showQuickUse2":true,"showSVGs":true,"fontPref":{"prefix":"icon-","metadata":{"fontFamily":"icomoon"},"metrics":{"emSize":1024,"baseline":6.25,"whitespace":50},"embed":false},"imagePref":{"prefix":"icon-","png":true,"useClassSelector":true,"color":0,"bgColor":16777215,"classSelector":".icon"},"historySize":50,"showCodes":true,"gridSize":16}}